id_produk,nama_produk,stok_saat_ini,stok_setelah_repair_simulasi,delta_stok,abs_delta,chain_errors,total_rekaman,aksi_repair
1010,"ULTRA STRESS TEST",9500,99499,89999,89999,110,61,UPDATE_STOK+FIX_CHAIN
34,"AMLODIPIN 5mg",370,1110,740,740,2,225,UPDATE_STOK+FIX_CHAIN
511,"METHYLPREDNISOLON 4mg",540,1230,690,690,2,232,UPDATE_STOK+FIX_CHAIN
756,"SIMVASTATIN 10",440,1090,650,650,2,258,UPDATE_STOK+FIX_CHAIN
795,TEOSAL,280,830,550,550,2,198,UPDATE_STOK+FIX_CHAIN
161,CETIRIZIN,160,680,520,520,2,278,UPDATE_STOK+FIX_CHAIN
33,"AMLODIPIN 10mg",410,890,480,480,2,204,UPDATE_STOK+FIX_CHAIN
55,"ANTASIDA DOEN",290,750,460,460,2,136,UPDATE_STOK+FIX_CHAIN
204,"DEMACOLIN TAB",490,940,450,450,2,429,UPDATE_STOK+FIX_CHAIN
717,SAMCOFENAC,430,860,430,430,2,80,UPDATE_STOK+FIX_CHAIN
757,"SIMVASTATIN 20",290,720,430,430,2,110,UPDATE_STOK+FIX_CHAIN
692,RHEMAFAR,350,740,390,390,2,56,UPDATE_STOK+FIX_CHAIN
63,"ASAM MEFENAMAT 500mg",840,1220,380,380,2,472,UPDATE_STOK+FIX_CHAIN
385,KADITIC,170,540,370,370,2,136,UPDATE_STOK+FIX_CHAIN
214,"DEXTEEM PLUS",400,750,350,350,2,339,UPDATE_STOK+FIX_CHAIN
458,LORATADIN,260,580,320,320,2,51,UPDATE_STOK+FIX_CHAIN
506,"MELOXICAM 15mg",240,560,320,320,2,119,UPDATE_STOK+FIX_CHAIN
512,"METHYLPREDNISOLON 8mg",200,520,320,320,2,133,UPDATE_STOK+FIX_CHAIN
23,"ALLOPURINOL 100mg",710,1020,310,310,2,437,UPDATE_STOK+FIX_CHAIN
366,IBUPROFEN,470,780,310,310,2,160,UPDATE_STOK+FIX_CHAIN
694,RENABETIC,220,530,310,310,2,61,UPDATE_STOK+FIX_CHAIN
509,"METFORMIN 500 mg",110,410,300,300,3,111,UPDATE_STOK+FIX_CHAIN
612,OMEPRASOL,210,510,300,300,3,119,UPDATE_STOK+FIX_CHAIN
209,"DEXAMETHASONE 0,5",410,690,280,280,2,231,UPDATE_STOK+FIX_CHAIN
1011,"TIMESTAMP TEST",1170,1440,270,270,22,12,UPDATE_STOK+FIX_CHAIN
560,NEURALGIN,150,420,270,270,2,145,UPDATE_STOK+FIX_CHAIN
321,"GLIMEPIRID 3mg",230,490,260,260,2,54,UPDATE_STOK+FIX_CHAIN
886,"salbutamol 4mg",130,370,240,240,3,79,UPDATE_STOK+FIX_CHAIN
136,CALORTUSIN,220,460,240,240,2,68,UPDATE_STOK+FIX_CHAIN
388,KALMETASON,360,600,240,240,2,394,UPDATE_STOK+FIX_CHAIN
24,"ALLOPURINOL 300mg",300,530,230,230,2,103,UPDATE_STOK+FIX_CHAIN
689,RANITIDINE,570,800,230,230,2,130,UPDATE_STOK+FIX_CHAIN
985,"GENXICAM 15MG",160,390,230,230,2,74,UPDATE_STOK+FIX_CHAIN
402,"KETOCONAZOLE TAB",110,330,220,220,2,127,UPDATE_STOK+FIX_CHAIN
922,"FARSIFEN TAB",170,390,220,220,2,44,UPDATE_STOK+FIX_CHAIN
621,OPISTAN,210,420,210,210,3,21,UPDATE_STOK+FIX_CHAIN
143,"CARBIDU 0,75",190,400,210,210,2,50,UPDATE_STOK+FIX_CHAIN
210,"DEXAMETHASONE 0,75",360,570,210,210,2,186,UPDATE_STOK+FIX_CHAIN
215,DEXTRAL,170,380,210,210,2,77,UPDATE_STOK+FIX_CHAIN
318,GLIBENCLAMIDE,60,270,210,210,2,73,UPDATE_STOK+FIX_CHAIN
381,ISDN,190,400,210,210,2,4,UPDATE_STOK+FIX_CHAIN
504,MEFINAL,90,300,210,210,2,141,UPDATE_STOK+FIX_CHAIN
755,"PIROXICAM 20MG",240,450,210,210,2,392,UPDATE_STOK+FIX_CHAIN
115,"B1 STRIP",200,0,-200,200,24,28,UPDATE_STOK+FIX_CHAIN
584,NOVAPYRON,190,390,200,200,3,26,UPDATE_STOK+FIX_CHAIN
588,"NOVATRIM TAB",200,400,200,200,3,6,UPDATE_STOK+FIX_CHAIN
679,"PROPANOLOL 40mg",200,400,200,200,3,6,UPDATE_STOK+FIX_CHAIN
691,RAVALGIN,190,390,200,200,3,25,UPDATE_STOK+FIX_CHAIN
973,HUFRALGIN,180,380,200,200,3,15,UPDATE_STOK+FIX_CHAIN
322,"GLIMEPIRID 4mg",200,400,200,200,2,27,UPDATE_STOK+FIX_CHAIN
619,OMETILSON,350,550,200,200,2,136,UPDATE_STOK+FIX_CHAIN
510,"METHYLPREDNISOLON 16mg",90,280,190,190,8,13,UPDATE_STOK+FIX_CHAIN
564,NEUROPYRON-V,140,330,190,190,3,27,UPDATE_STOK+FIX_CHAIN
507,"MELOXICAM 7.5mg",180,370,190,190,2,61,UPDATE_STOK+FIX_CHAIN
275,FAXIDEN,140,320,180,180,2,45,UPDATE_STOK+FIX_CHAIN
457,LOPAMID,150,330,180,180,2,44,UPDATE_STOK+FIX_CHAIN
570,NIFEDIPIN,180,360,180,180,2,7,UPDATE_STOK+FIX_CHAIN
954,GUAFINESIN,130,310,180,180,2,48,UPDATE_STOK+FIX_CHAIN
22,"ALLOFAR 300MG",120,290,170,170,2,66,UPDATE_STOK+FIX_CHAIN
66,ASPILET,100,270,170,170,2,15,UPDATE_STOK+FIX_CHAIN
147,"CAVIPLEX TAB",110,280,170,170,2,79,UPDATE_STOK+FIX_CHAIN
286,FLUCADEX,110,280,170,170,2,91,UPDATE_STOK+FIX_CHAIN
820,"TRIOCID TAB",120,290,170,170,2,36,UPDATE_STOK+FIX_CHAIN
25,ALPARA,40,200,160,160,2,186,UPDATE_STOK+FIX_CHAIN
220,"DICLOFENAC POTASIUM",260,420,160,160,2,171,UPDATE_STOK+FIX_CHAIN
444,LICOKALK,110,270,160,160,2,73,UPDATE_STOK+FIX_CHAIN
623,ORPHEN,150,310,160,160,2,29,UPDATE_STOK+FIX_CHAIN
776,SULFADIASIN,130,290,160,160,2,49,UPDATE_STOK+FIX_CHAIN
658,"POLOFAR PLUS",120,270,150,150,3,24,UPDATE_STOK+FIX_CHAIN
121,BUFACARYL,310,460,150,150,2,77,UPDATE_STOK+FIX_CHAIN
238,"EMTURNAS FORTE",130,280,150,150,2,24,UPDATE_STOK+FIX_CHAIN
767,SPASMINAL,140,290,150,150,2,56,UPDATE_STOK+FIX_CHAIN
900,"SELVIM 10MG",150,300,150,150,2,7,UPDATE_STOK+FIX_CHAIN
406,"KOMIX ALL VAR",108,249,141,141,2,149,UPDATE_STOK+FIX_CHAIN
260,ETABION,130,270,140,140,3,46,UPDATE_STOK+FIX_CHAIN
606,"OMEDOM TAB",110,250,140,140,3,23,UPDATE_STOK+FIX_CHAIN
37,"AMOXICILIN PHARMA",130,270,140,140,2,21,UPDATE_STOK+FIX_CHAIN
362,"HUFAMAG TAB",130,270,140,140,2,39,UPDATE_STOK+FIX_CHAIN
608,OMEGESIC,300,440,140,140,2,72,UPDATE_STOK+FIX_CHAIN
706,"SALBUTAMOL 2mg",100,240,140,140,2,86,UPDATE_STOK+FIX_CHAIN
764,SOLDEXTAM,100,240,140,140,2,69,UPDATE_STOK+FIX_CHAIN
994,"AMOXICILIN 500mg HJ",670,810,140,140,2,514,UPDATE_STOK+FIX_CHAIN
1001,"PARAVEN TAB",60,200,140,140,2,10,UPDATE_STOK+FIX_CHAIN
142,"CARBIDU 0,5",70,200,130,130,3,66,UPDATE_STOK+FIX_CHAIN
30,AMBROXOL,10,140,130,130,2,146,UPDATE_STOK+FIX_CHAIN
45,ANASTAN,120,250,130,130,2,100,UPDATE_STOK+FIX_CHAIN
99,BINTAMOX,130,260,130,130,2,23,UPDATE_STOK+FIX_CHAIN
365,HYSTIGO,80,210,130,130,2,73,UPDATE_STOK+FIX_CHAIN
454,"LODECON FORTE",110,240,130,130,2,63,UPDATE_STOK+FIX_CHAIN
524,MIXALGIN,230,360,130,130,2,144,UPDATE_STOK+FIX_CHAIN
586,"NOVASTAN TAB",70,200,130,130,2,41,UPDATE_STOK+FIX_CHAIN
618,"OMEROXOL TAB",100,230,130,130,2,25,UPDATE_STOK+FIX_CHAIN
846,SAMCODIN,130,260,130,130,2,49,UPDATE_STOK+FIX_CHAIN
993,"ACYCLOVIR TAB",90,220,130,130,2,34,UPDATE_STOK+FIX_CHAIN
47,"ANATON TAB",90,210,120,120,2,31,UPDATE_STOK+FIX_CHAIN
165,"CIPROFLOXACIN 500mg",260,380,120,120,2,41,UPDATE_STOK+FIX_CHAIN
330,GRAFACHLOR,100,220,120,120,2,37,UPDATE_STOK+FIX_CHAIN
359,"HUFAGRIP  FORTE TAB",210,330,120,120,2,55,UPDATE_STOK+FIX_CHAIN
563,NEURODEX,50,170,120,120,2,76,UPDATE_STOK+FIX_CHAIN
667,PREDNISON,110,230,120,120,2,15,UPDATE_STOK+FIX_CHAIN
890,GASELA,110,230,120,120,2,31,UPDATE_STOK+FIX_CHAIN
51,"ANTANGIN CAIR",68,181,113,113,2,200,UPDATE_STOK+FIX_CHAIN
986,"GENCEF 500",100,210,110,110,3,13,UPDATE_STOK+FIX_CHAIN
153,ALLERON,100,210,110,110,2,11,UPDATE_STOK+FIX_CHAIN
290,FLUTAMOL,290,400,110,110,2,63,UPDATE_STOK+FIX_CHAIN
319,"GLIMEPIRID 1mg",20,130,110,110,2,53,UPDATE_STOK+FIX_CHAIN
320,"GLIMEPIRID 2mg",290,400,110,110,2,141,UPDATE_STOK+FIX_CHAIN
445,LICOSTAN,110,220,110,110,2,33,UPDATE_STOK+FIX_CHAIN
567,"NEUROSANBE PLUS",70,180,110,110,2,79,UPDATE_STOK+FIX_CHAIN
796,"TERA F",60,170,110,110,2,129,UPDATE_STOK+FIX_CHAIN
685,"PUYER 16",109,218,109,109,3,11,UPDATE_STOK+FIX_CHAIN
522,MIXAGRIP,101,210,109,109,2,147,UPDATE_STOK+FIX_CHAIN
508,MERTIGO,94,197,103,103,2,20,UPDATE_STOK+FIX_CHAIN
663,PONSTAN,66,169,103,103,2,58,UPDATE_STOK+FIX_CHAIN
309,GEMFIBROZIL,80,180,100,100,3,14,UPDATE_STOK+FIX_CHAIN
668,PRIMADEX,100,200,100,100,3,8,UPDATE_STOK+FIX_CHAIN
720,HYPOFIL,100,200,100,100,3,14,UPDATE_STOK+FIX_CHAIN
949,ANTIZA,100,200,100,100,3,11,UPDATE_STOK+FIX_CHAIN
127,CROFED,90,190,100,100,2,24,UPDATE_STOK+FIX_CHAIN
277,FENAMIN,100,200,100,100,2,22,UPDATE_STOK+FIX_CHAIN
455,LODIA,50,150,100,100,2,35,UPDATE_STOK+FIX_CHAIN
460,"LOSTACEF TAB",90,190,100,100,2,26,UPDATE_STOK+FIX_CHAIN
677,PRONICY,100,200,100,100,2,10,UPDATE_STOK+FIX_CHAIN
678,"PROPANOLOL 10mg",100,200,100,100,2,3,UPDATE_STOK+FIX_CHAIN
718,SAMTACID,100,200,100,100,2,4,UPDATE_STOK+FIX_CHAIN
814,TRANSAMIN,90,190,100,100,2,18,UPDATE_STOK+FIX_CHAIN
964,FLOXIFAR,100,200,100,100,2,18,UPDATE_STOK+FIX_CHAIN
834,"VENARON 300mg",96,192,96,96,2,37,UPDATE_STOK+FIX_CHAIN
247,"EPEXOL TAB",80,170,90,90,3,19,UPDATE_STOK+FIX_CHAIN
610,OMELLEGAR,210,300,90,90,3,64,UPDATE_STOK+FIX_CHAIN
750,"CALCIFAR PLUS",80,170,90,90,3,12,UPDATE_STOK+FIX_CHAIN
21,"ALLOFAR 100MG",90,180,90,90,2,31,UPDATE_STOK+FIX_CHAIN
81,"BECOM ZET",80,170,90,90,2,30,UPDATE_STOK+FIX_CHAIN
196,DANASONE,400,490,90,90,2,114,UPDATE_STOK+FIX_CHAIN
213,DEXTAMIN,85,175,90,90,2,23,UPDATE_STOK+FIX_CHAIN
263,"ETAFLUSIN TAB",80,170,90,90,2,4,UPDATE_STOK+FIX_CHAIN
741,"SELVIM 20",70,160,90,90,2,30,UPDATE_STOK+FIX_CHAIN
763,"COPARCETIN TAB",80,170,90,90,2,41,UPDATE_STOK+FIX_CHAIN
876,"CANDESARTAN 16MG",90,180,90,90,2,9,UPDATE_STOK+FIX_CHAIN
923,INFLASON,260,350,90,90,2,32,UPDATE_STOK+FIX_CHAIN
36,"AMOXAN 500mg",80,160,80,80,3,15,UPDATE_STOK+FIX_CHAIN
168,"CLINDAMICIN 150mg",70,150,80,80,3,10,UPDATE_STOK+FIX_CHAIN
39,AMPICILIN,80,160,80,80,2,9,UPDATE_STOK+FIX_CHAIN
221,DIONICOL,80,160,80,80,2,15,UPDATE_STOK+FIX_CHAIN
239,EMTURNAS,60,140,80,80,2,35,UPDATE_STOK+FIX_CHAIN
285,FLOXIGRA,70,150,80,80,2,15,UPDATE_STOK+FIX_CHAIN
336,GRATEOS,60,140,80,80,2,26,UPDATE_STOK+FIX_CHAIN
376,INFALGIN,50,130,80,80,2,41,UPDATE_STOK+FIX_CHAIN
428,LANSOPRAZOLE,90,170,80,80,2,72,UPDATE_STOK+FIX_CHAIN
501,MECOBALAMIN,60,140,80,80,2,27,UPDATE_STOK+FIX_CHAIN
609,OMEGZOLE,200,280,80,80,2,94,UPDATE_STOK+FIX_CHAIN
615,"OMERIC 100",80,160,80,80,2,11,UPDATE_STOK+FIX_CHAIN
616,"OMERIC 300",70,150,80,80,2,9,UPDATE_STOK+FIX_CHAIN
892,"CAVIPLEX CDEZ",70,150,80,80,2,35,UPDATE_STOK+FIX_CHAIN
955,EPERISONE,70,150,80,80,2,31,UPDATE_STOK+FIX_CHAIN
523,"MIXAGRIP FB",59,133,74,74,2,159,UPDATE_STOK+FIX_CHAIN
371,IMODIUM,65,137,72,72,2,52,UPDATE_STOK+FIX_CHAIN
335,GRATAZONE,0,70,70,70,18,146,UPDATE_STOK+FIX_CHAIN
662,"PONDEX F",60,130,70,70,3,11,UPDATE_STOK+FIX_CHAIN
152,"CEFADROXIL 500mg",250,320,70,70,2,94,UPDATE_STOK+FIX_CHAIN
280,FIMESTAN,130,200,70,70,2,67,UPDATE_STOK+FIX_CHAIN
379,INTERHISTIN,170,240,70,70,2,96,UPDATE_STOK+FIX_CHAIN
537,"MOLACORT 0,75",360,430,70,70,2,134,UPDATE_STOK+FIX_CHAIN
578,"NOVAGESIC TAB",70,140,70,70,2,3,UPDATE_STOK+FIX_CHAIN
614,OMEPROXIL,70,140,70,70,2,14,UPDATE_STOK+FIX_CHAIN
664,PONSTELAX,70,140,70,70,2,5,UPDATE_STOK+FIX_CHAIN
849,"CANDESARTAN 8MG",50,120,70,70,2,20,UPDATE_STOK+FIX_CHAIN
865,"ONDANSETRON 8MG",70,140,70,70,2,5,UPDATE_STOK+FIX_CHAIN
958,"HUFAGRIP PAMOL TAB",70,140,70,70,2,8,UPDATE_STOK+FIX_CHAIN
635,PARAMEX,55,124,69,69,2,179,UPDATE_STOK+FIX_CHAIN
568,"NEW DIATAB",60,125,65,65,3,32,UPDATE_STOK+FIX_CHAIN
408,"KOMIX KID ALL",59,123,64,64,2,24,UPDATE_STOK+FIX_CHAIN
543,"MYCORAL TAB",34,98,64,64,2,80,UPDATE_STOK+FIX_CHAIN
398,ORALIT,56,119,63,63,2,21,UPDATE_STOK+FIX_CHAIN
5,"ACIFAR TAB",50,110,60,60,3,15,UPDATE_STOK+FIX_CHAIN
316,DOMPERIDON,50,110,60,60,3,21,UPDATE_STOK+FIX_CHAIN
139,"CAPTOPRIL 12.5mg",60,120,60,60,2,13,UPDATE_STOK+FIX_CHAIN
284,FLAMAR,60,120,60,60,2,10,UPDATE_STOK+FIX_CHAIN
669,"PRIMADEX FORTE",60,120,60,60,2,6,UPDATE_STOK+FIX_CHAIN
880,"HUFARIZINE TAB",160,220,60,60,2,58,UPDATE_STOK+FIX_CHAIN
921,GLUCODEX,110,170,60,60,2,41,UPDATE_STOK+FIX_CHAIN
611,OMEMOX,50,100,50,50,3,25,UPDATE_STOK+FIX_CHAIN
59,"ANTIMO TAB",34,84,50,50,2,148,UPDATE_STOK+FIX_CHAIN
118,BROADAMOX,180,230,50,50,2,50,UPDATE_STOK+FIX_CHAIN
120,BRONEX,40,90,50,50,2,31,UPDATE_STOK+FIX_CHAIN
224,"DERMAFIX 5X7",48,98,50,50,2,8,UPDATE_STOK+FIX_CHAIN
253,ERPHAFLAM,160,210,50,50,2,163,UPDATE_STOK+FIX_CHAIN
374,INAMID,40,90,50,50,2,17,UPDATE_STOK+FIX_CHAIN
565,NEUROSANBE,40,90,50,50,2,19,UPDATE_STOK+FIX_CHAIN
581,"NOVAMAG TAB",50,100,50,50,2,9,UPDATE_STOK+FIX_CHAIN
620,"ONDANSETRON 4mg",40,90,50,50,2,7,UPDATE_STOK+FIX_CHAIN
879,"YUSIMOX TABLET",20,70,50,50,2,13,UPDATE_STOK+FIX_CHAIN
223,DIVOLTAR,0,50,50,50,0,40,UPDATE_STOK
296,"FRESH CARE ALL",37,86,49,49,2,252,UPDATE_STOK+FIX_CHAIN
498,MADURASA,0,48,48,48,0,241,UPDATE_STOK
145,"CATAFLAM 50mg",10,55,45,45,2,186,UPDATE_STOK+FIX_CHAIN
295,"FORMYCO TAB",43,86,43,43,3,8,UPDATE_STOK+FIX_CHAIN
715,"SALONPAS KOYO ALL VAR",29,72,43,43,2,169,UPDATE_STOK+FIX_CHAIN
873,XON-CE,19,62,43,43,2,160,UPDATE_STOK+FIX_CHAIN
227,DRAMAMIN,23,64,41,41,2,116,UPDATE_STOK+FIX_CHAIN
519,MIRASIC,40,80,40,40,3,18,UPDATE_STOK+FIX_CHAIN
934,LAPIFED,30,70,40,40,3,15,UPDATE_STOK+FIX_CHAIN
140,"CAPTOPRIL 25mg",30,70,40,40,2,29,UPDATE_STOK+FIX_CHAIN
324,GLUDEPATIC,180,220,40,40,2,36,UPDATE_STOK+FIX_CHAIN
514,METRONIDAZOL,10,50,40,40,2,29,UPDATE_STOK+FIX_CHAIN
593,"NUFADOL TAB",30,70,40,40,2,4,UPDATE_STOK+FIX_CHAIN
729,"SANMOL TAB",33,73,40,40,2,135,UPDATE_STOK+FIX_CHAIN
779,SUPRABIOTIK,20,60,40,40,2,6,UPDATE_STOK+FIX_CHAIN
893,FARGETIX,40,80,40,40,2,9,UPDATE_STOK+FIX_CHAIN
974,MEGABAL,10,50,40,40,2,8,UPDATE_STOK+FIX_CHAIN
442,"LERZIN TAB",0,40,40,40,0,41,UPDATE_STOK
853,VITACIMIN,118,154,36,36,2,128,UPDATE_STOK+FIX_CHAIN
375,INCIDAL,18,52,34,34,2,127,UPDATE_STOK+FIX_CHAIN
980,"KASSA BIASA",26,60,34,34,2,138,UPDATE_STOK+FIX_CHAIN
49,"ANDALAN FE",23,54,31,31,2,42,UPDATE_STOK+FIX_CHAIN
154,"CEFIXIM 100MG",90,120,30,30,3,51,UPDATE_STOK+FIX_CHAIN
293,FOLAVIT,70,100,30,30,3,56,UPDATE_STOK+FIX_CHAIN
539,MOLEXFLU,150,180,30,30,3,43,UPDATE_STOK+FIX_CHAIN
665,BROMIFAR,20,50,30,30,3,17,UPDATE_STOK+FIX_CHAIN
910,"CEFIXIM 200MG",30,60,30,30,3,16,UPDATE_STOK+FIX_CHAIN
913,LOKEV,10,40,30,30,3,19,UPDATE_STOK+FIX_CHAIN
2,"ACETHYLESISTEIN 200mg",20,50,30,30,2,44,UPDATE_STOK+FIX_CHAIN
80,"BECOM C",30,60,30,30,2,18,UPDATE_STOK+FIX_CHAIN
225,DOLOLICOBION,200,230,30,30,2,44,UPDATE_STOK+FIX_CHAIN
264,ETAMOX,20,50,30,30,2,26,UPDATE_STOK+FIX_CHAIN
299,FUROSEMIDE,10,40,30,30,2,22,UPDATE_STOK+FIX_CHAIN
303,"GASTRUCID TAB",30,60,30,30,2,13,UPDATE_STOK+FIX_CHAIN
332,GRAFAMIC,30,60,30,30,2,47,UPDATE_STOK+FIX_CHAIN
333,GRAFAZOL,30,60,30,30,2,35,UPDATE_STOK+FIX_CHAIN
403,KETOPROFEN,30,60,30,30,2,6,UPDATE_STOK+FIX_CHAIN
671,"PRIMOLUT N",58,88,30,30,2,24,UPDATE_STOK+FIX_CHAIN
733,"SCOPMA PLUS",30,60,30,30,2,13,UPDATE_STOK+FIX_CHAIN
807,"TOLAK ANGIN ANAK",30,60,30,30,2,16,UPDATE_STOK+FIX_CHAIN
816,"OM TEST",6,36,30,30,2,203,UPDATE_STOK+FIX_CHAIN
839,GRISIOFULVIN,30,60,30,30,2,3,UPDATE_STOK+FIX_CHAIN
860,VOLTADEX,280,310,30,30,2,250,UPDATE_STOK+FIX_CHAIN
872,X-FLAM,20,50,30,30,2,18,UPDATE_STOK+FIX_CHAIN
875,COTRIMOXAZOL,20,50,30,30,2,5,UPDATE_STOK+FIX_CHAIN
331,GRAFADON,0,30,30,30,0,27,UPDATE_STOK
956,"GABAPENTIN 300mg",0,30,30,30,0,19,UPDATE_STOK
411,"KONIDIN PERMEN",24,52,28,28,3,31,UPDATE_STOK+FIX_CHAIN
815,"PANADOL MERAH S'4",26,52,26,26,3,11,UPDATE_STOK+FIX_CHAIN
731,SARIDON,25,51,26,26,2,12,UPDATE_STOK+FIX_CHAIN
109,"BODREX EXTRA",7,32,25,25,4,54,UPDATE_STOK+FIX_CHAIN
160,MIXADIN,25,50,25,25,3,3,UPDATE_STOK+FIX_CHAIN
380,"INTUNAL F",23,48,25,25,3,12,UPDATE_STOK+FIX_CHAIN
52,"ANTANGIN JUNIOR",21,46,25,25,2,45,UPDATE_STOK+FIX_CHAIN
110,"BODREX FB ALL VAR",21,46,25,25,2,57,UPDATE_STOK+FIX_CHAIN
201,DECOLSIN,22,47,25,25,2,30,UPDATE_STOK+FIX_CHAIN
805,"TISU MAGIC ALL",19,44,25,25,2,57,UPDATE_STOK+FIX_CHAIN
413,"KOOLFEVER BABY",20,44,24,24,3,23,UPDATE_STOK+FIX_CHAIN
723,"SANGOBION S'10",21,45,24,24,2,90,UPDATE_STOK+FIX_CHAIN
901,MICONAZOLE,10,34,24,24,2,104,UPDATE_STOK+FIX_CHAIN
86,MEXTRIL,20,43,23,23,2,24,UPDATE_STOK+FIX_CHAIN
231,"DUMIN 500mg",14,36,22,22,3,62,UPDATE_STOK+FIX_CHAIN
116,BORAX,22,44,22,22,2,17,UPDATE_STOK+FIX_CHAIN
188,"CTM PIM",16,38,22,22,2,59,UPDATE_STOK+FIX_CHAIN
557,"NEO RHEUMACYL",12,34,22,22,2,110,UPDATE_STOK+FIX_CHAIN
649,"PIMTRAKOL ALL VAR",13,35,22,22,2,73,UPDATE_STOK+FIX_CHAIN
802,"THIAMYCIN 1000mg",20,42,22,22,2,30,UPDATE_STOK+FIX_CHAIN
808,"TOLAK ANGIN DEWASA",50,71,21,21,42,172,UPDATE_STOK+FIX_CHAIN
439,L-BIO,13,34,21,21,3,29,UPDATE_STOK+FIX_CHAIN
229,"DULCOLAX S'4",18,39,21,21,2,33,UPDATE_STOK+FIX_CHAIN
334,GRANTUSIF,20,0,-20,20,6,91,UPDATE_STOK+FIX_CHAIN
289,"FLUNARISIN 5mg",20,40,20,20,3,11,UPDATE_STOK+FIX_CHAIN
397,"KASSA  STERIL HUSADA",12,32,20,20,3,40,UPDATE_STOK+FIX_CHAIN
27,HUFADEXTA-M,10,30,20,20,2,47,UPDATE_STOK+FIX_CHAIN
48,ANDALAN,17,37,20,20,2,260,UPDATE_STOK+FIX_CHAIN
101,BIOGESIC,20,40,20,20,2,6,UPDATE_STOK+FIX_CHAIN
107,"BISOPROLOL FURMATE",20,40,20,20,2,12,UPDATE_STOK+FIX_CHAIN
144,"CARGESIC 500mg",20,40,20,20,2,14,UPDATE_STOK+FIX_CHAIN
211,DEXANTA,20,40,20,20,2,11,UPDATE_STOK+FIX_CHAIN
216,DEXYCOL,20,40,20,20,2,4,UPDATE_STOK+FIX_CHAIN
240,ENBATIC,14,34,20,20,2,38,UPDATE_STOK+FIX_CHAIN
430,LAPISTAN,20,40,20,20,2,9,UPDATE_STOK+FIX_CHAIN
598,"OBH COMBI ANAK ALL VAR",21,41,20,20,2,103,UPDATE_STOK+FIX_CHAIN
676,"PROMAG TAB",22,42,20,20,2,291,UPDATE_STOK+FIX_CHAIN
809,"TOLAK LINU",17,37,20,20,2,44,UPDATE_STOK+FIX_CHAIN
861,WINATIN,20,40,20,20,2,18,UPDATE_STOK+FIX_CHAIN
948,"MUCOS TAB",20,40,20,20,2,6,UPDATE_STOK+FIX_CHAIN
169,"CLINDAMICIN 300mg",0,20,20,20,1,17,UPDATE_STOK+FIX_CHAIN
418,"LACOLDIN TAB",0,20,20,20,1,13,UPDATE_STOK+FIX_CHAIN
429,LAPISIV-T,0,20,20,20,0,11,UPDATE_STOK
832,"VEGETA HERBAL",0,19,19,19,0,38,UPDATE_STOK
241,"ENERVON C",10,28,18,18,2,76,UPDATE_STOK+FIX_CHAIN
340,"HANSAPLAST ROLL 1m",15,33,18,18,2,50,UPDATE_STOK+FIX_CHAIN
256,ESEMAG,7,24,17,17,2,10,UPDATE_STOK+FIX_CHAIN
516,MICROGYNON,5,22,17,17,2,160,UPDATE_STOK+FIX_CHAIN
657,POLDANMIG,15,32,17,17,2,26,UPDATE_STOK+FIX_CHAIN
700,"RIVANOL 300mL",16,33,17,17,2,14,UPDATE_STOK+FIX_CHAIN
884,"ZYLORIC 100mg",13,30,17,17,2,23,UPDATE_STOK+FIX_CHAIN
415,"KOYO CABE",9,25,16,16,3,71,UPDATE_STOK+FIX_CHAIN
656,"PLOSA ALL VAR",21,37,16,16,2,45,UPDATE_STOK+FIX_CHAIN
672,PROCOLD,14,30,16,16,2,31,UPDATE_STOK+FIX_CHAIN
825,ULTRAFLU,1,17,16,16,2,146,UPDATE_STOK+FIX_CHAIN
885,"ZYLORIC 300mg",16,32,16,16,2,15,UPDATE_STOK+FIX_CHAIN
56,SANAFLU,14,29,15,15,2,8,UPDATE_STOK+FIX_CHAIN
561,NEUROBION,12,27,15,15,2,43,UPDATE_STOK+FIX_CHAIN
639,PARATUSIN,3,18,15,15,2,134,UPDATE_STOK+FIX_CHAIN
785,"SUTRA MERAH S'3",8,23,15,15,2,71,UPDATE_STOK+FIX_CHAIN
624,OSKADON,0,15,15,15,0,175,UPDATE_STOK
200,DECOLGEN,10,24,14,14,3,59,UPDATE_STOK+FIX_CHAIN
367,ICHTIYOL,11,25,14,14,3,32,UPDATE_STOK+FIX_CHAIN
774,STREPSIL,8,22,14,14,2,89,UPDATE_STOK+FIX_CHAIN
778,SUPERTETRA,15,29,14,14,2,207,UPDATE_STOK+FIX_CHAIN
894,ITRABAT,12,26,14,14,2,38,UPDATE_STOK+FIX_CHAIN
183,"COUNTERPAIN 15g",10,23,13,13,3,41,UPDATE_STOK+FIX_CHAIN
167,"VITAMIN E IPI",12,25,13,13,2,18,UPDATE_STOK+FIX_CHAIN
248,ERLADERM-N,3,16,13,13,2,53,UPDATE_STOK+FIX_CHAIN
461,"M.KAPAK 10mL",11,24,13,13,2,28,UPDATE_STOK+FIX_CHAIN
625,"OSKADON SP",27,40,13,13,2,62,UPDATE_STOK+FIX_CHAIN
613,"VITAMIN D3 IPI",10,22,12,12,3,46,UPDATE_STOK+FIX_CHAIN
707,"SALEP 24",12,24,12,12,3,10,UPDATE_STOK+FIX_CHAIN
150,"CDR S'10",11,23,12,12,2,22,UPDATE_STOK+FIX_CHAIN
219,"DIAPET NR",9,21,12,12,2,17,UPDATE_STOK+FIX_CHAIN
245,ENTROSTOP,5,17,12,12,2,69,UPDATE_STOK+FIX_CHAIN
314,"GENTAMICIN SLP",9,21,12,12,2,44,UPDATE_STOK+FIX_CHAIN
345,"HEMAVITON STAMINA",9,21,12,12,2,34,UPDATE_STOK+FIX_CHAIN
389,"KALPANAX CREAM",12,24,12,12,2,38,UPDATE_STOK+FIX_CHAIN
558,NEOZEP,7,19,12,12,2,101,UPDATE_STOK+FIX_CHAIN
636,"PARAMEX FB",8,20,12,12,2,19,UPDATE_STOK+FIX_CHAIN
760,"SIRPLUS ALL VAR",10,22,12,12,2,47,UPDATE_STOK+FIX_CHAIN
918,"SABUN IJO",11,23,12,12,2,27,UPDATE_STOK+FIX_CHAIN
929,"DIAPET S'10",7,19,12,12,2,39,UPDATE_STOK+FIX_CHAIN
1003,"DERMAFIX 10X8",11,23,12,12,2,9,UPDATE_STOK+FIX_CHAIN
412,"KOOLFEVER ANAK",4,15,11,11,3,43,UPDATE_STOK+FIX_CHAIN
833,"VEGETA JERUK",11,22,11,11,3,17,UPDATE_STOK+FIX_CHAIN
9,"ACYCLOVIR CREAM",10,21,11,11,2,107,UPDATE_STOK+FIX_CHAIN
11,"ADEM SARI",11,22,11,11,2,40,UPDATE_STOK+FIX_CHAIN
94,"BETADINE SOL 5mL",14,25,11,11,2,112,UPDATE_STOK+FIX_CHAIN
126,"BYE FEVER BABY",3,14,11,11,2,78,UPDATE_STOK+FIX_CHAIN
259,"ESTER C S'4",10,21,11,11,2,21,UPDATE_STOK+FIX_CHAIN
421,LACTO-B,36,47,11,11,2,120,UPDATE_STOK+FIX_CHAIN
534,"MKP LANG 30mL",6,17,11,11,2,93,UPDATE_STOK+FIX_CHAIN
535,"MKP LANG 60mL",15,26,11,11,2,80,UPDATE_STOK+FIX_CHAIN
728,"SANMOL SYR",8,19,11,11,2,75,UPDATE_STOK+FIX_CHAIN
858,"VITAMIN B12 IPI",9,20,11,11,2,7,UPDATE_STOK+FIX_CHAIN
631,"PANADOL MERAH",9,19,10,10,3,23,UPDATE_STOK+FIX_CHAIN
941,"PROFENID SUPP",10,20,10,10,3,4,UPDATE_STOK+FIX_CHAIN
29,AMBEVEN,4,14,10,10,2,70,UPDATE_STOK+FIX_CHAIN
181,CORTIDEX,10,20,10,10,2,19,UPDATE_STOK+FIX_CHAIN
192,"CURCUMA TAB",8,18,10,10,2,23,UPDATE_STOK+FIX_CHAIN
323,"GLUCOSAMIN MPL",50,60,10,10,2,77,UPDATE_STOK+FIX_CHAIN
409,KONIDIN,9,19,10,10,2,79,UPDATE_STOK+FIX_CHAIN
705,"SAKA ABC ALL VAR",7,17,10,10,2,25,UPDATE_STOK+FIX_CHAIN
708,"SALEP 88",4,14,10,10,2,78,UPDATE_STOK+FIX_CHAIN
746,"SILADEX ALL VAR 60ml",8,18,10,10,2,107,UPDATE_STOK+FIX_CHAIN
951,HISTAPAN,10,20,10,10,2,15,UPDATE_STOK+FIX_CHAIN
962,ULTRAFIX,4,14,10,10,2,59,UPDATE_STOK+FIX_CHAIN
50,"ANDALAN LAKTASI",7,16,9,9,3,21,UPDATE_STOK+FIX_CHAIN
274,"FATIGON SPIRIT",7,16,9,9,3,12,UPDATE_STOK+FIX_CHAIN
572,PREGNACHEK,8,17,9,9,3,28,UPDATE_STOK+FIX_CHAIN
54,"ANTANGIN TAB",20,29,9,9,2,34,UPDATE_STOK+FIX_CHAIN
57,"ANTASIDA SYR FM",5,14,9,9,2,63,UPDATE_STOK+FIX_CHAIN
102,"BIOLYSIN KID ALL VAR",9,18,9,9,2,14,UPDATE_STOK+FIX_CHAIN
125,"BYE FEVER ANAK",6,15,9,9,2,97,UPDATE_STOK+FIX_CHAIN
203,"DEMACOLIN SYR",7,16,9,9,2,36,UPDATE_STOK+FIX_CHAIN
407,"KOMIX HERBAL",9,18,9,9,2,11,UPDATE_STOK+FIX_CHAIN
466,"M.KAPAK 5mL",8,17,9,9,2,16,UPDATE_STOK+FIX_CHAIN
555,"NEO HORMOVITON",9,18,9,9,2,10,UPDATE_STOK+FIX_CHAIN
562,"NEUROBION 5000",8,17,9,9,2,81,UPDATE_STOK+FIX_CHAIN
599,"OBH COMBI DAHAK",7,16,9,9,2,62,UPDATE_STOK+FIX_CHAIN
633,"PARACETAMOL SYR",6,15,9,9,2,43,UPDATE_STOK+FIX_CHAIN
936,"BEDAK MARSK ALL",9,18,9,9,2,13,UPDATE_STOK+FIX_CHAIN
246,"ENTROSTOP ANAK",8,16,8,8,3,26,UPDATE_STOK+FIX_CHAIN
326,"GPU 60mL",5,13,8,8,3,46,UPDATE_STOK+FIX_CHAIN
435,"LASERIN SYR 60ML",5,13,8,8,3,40,UPDATE_STOK+FIX_CHAIN
629,"PANADOL BIRU",6,14,8,8,3,17,UPDATE_STOK+FIX_CHAIN
17,"ALKOHOL 70% 300mL",5,13,8,8,2,18,UPDATE_STOK+FIX_CHAIN
71,"B COMPLEX STRIP",8,16,8,8,2,8,UPDATE_STOK+FIX_CHAIN
97,BETASON-N,7,15,8,8,2,39,UPDATE_STOK+FIX_CHAIN
272,"LAXING  S'10",11,19,8,8,2,31,UPDATE_STOK+FIX_CHAIN
325,"GPU 30mL",6,14,8,8,2,60,UPDATE_STOK+FIX_CHAIN
434,"LASERIN SYR 30 mL",6,14,8,8,2,29,UPDATE_STOK+FIX_CHAIN
602,"OBH ITRASAL",16,24,8,8,2,91,UPDATE_STOK+FIX_CHAIN
628,"PAGODA SALEP",4,12,8,8,2,26,UPDATE_STOK+FIX_CHAIN
645,PEDITOX,8,16,8,8,2,29,UPDATE_STOK+FIX_CHAIN
661,"POLYSILANE TAB",5,13,8,8,2,74,UPDATE_STOK+FIX_CHAIN
759,"SIROP INDRA",8,16,8,8,2,7,UPDATE_STOK+FIX_CHAIN
856,"VITAMIN B KOMP IPI",9,17,8,8,2,41,UPDATE_STOK+FIX_CHAIN
984,"SRITI SALP",7,15,8,8,2,28,UPDATE_STOK+FIX_CHAIN
178,"COOLING 5 SPRAY",4,11,7,7,8,15,UPDATE_STOK+FIX_CHAIN
337,"GUANESTREP SYR",5,12,7,7,3,19,UPDATE_STOK+FIX_CHAIN
878,"YUSIMOX SYR",5,12,7,7,3,56,UPDATE_STOK+FIX_CHAIN
46,"ANATON SYR",7,14,7,7,2,9,UPDATE_STOK+FIX_CHAIN
60,"VITALONG C S'4",7,14,7,7,2,12,UPDATE_STOK+FIX_CHAIN
68,"ARKAVIT C",6,13,7,7,2,12,UPDATE_STOK+FIX_CHAIN
104,"VENTOLIN NEBUL",6,13,7,7,2,28,UPDATE_STOK+FIX_CHAIN
234,"KAPAS GULUNG100GR",7,14,7,7,2,3,UPDATE_STOK+FIX_CHAIN
244,"OBH TROPICA EXTRA ALL",7,14,7,7,2,32,UPDATE_STOK+FIX_CHAIN
278,"FG TROCHES",15,22,7,7,2,90,UPDATE_STOK+FIX_CHAIN
304,"PROMAG HERBAL",13,20,7,7,2,15,UPDATE_STOK+FIX_CHAIN
306,"GELIGA BALSEM 20g",2,9,7,7,2,33,UPDATE_STOK+FIX_CHAIN
372,IMUNOS,7,14,7,7,2,4,UPDATE_STOK+FIX_CHAIN
377,INSTO,5,12,7,7,2,68,UPDATE_STOK+FIX_CHAIN
400,"KETOCONAZOLE CR DEXA",4,11,7,7,2,60,UPDATE_STOK+FIX_CHAIN
497,"MADU TJ ORI 250ML",5,12,7,7,2,31,UPDATE_STOK+FIX_CHAIN
596,"OB HERBAL 60mL",5,12,7,7,2,34,UPDATE_STOK+FIX_CHAIN
682,"PRORIS SYR",4,11,7,7,2,40,UPDATE_STOK+FIX_CHAIN
761,"SITRONELLA 30ml",6,13,7,7,2,7,UPDATE_STOK+FIX_CHAIN
786,SYNALTEN,7,14,7,7,2,12,UPDATE_STOK+FIX_CHAIN
841,"VICKS F 44 100ml",5,12,7,7,2,23,UPDATE_STOK+FIX_CHAIN
868,"WOOD'S ATT 60ML",9,16,7,7,2,50,UPDATE_STOK+FIX_CHAIN
896,"VICKS F 44 ANAK 27ML",6,13,7,7,2,25,UPDATE_STOK+FIX_CHAIN
914,"OBH TROPICA PLUS ANAK ALL",3,10,7,7,2,51,UPDATE_STOK+FIX_CHAIN
108,BODREX,6,12,6,6,6,129,UPDATE_STOK+FIX_CHAIN
13,AKURAT,3,9,6,6,3,41,UPDATE_STOK+FIX_CHAIN
38,"SILADEX UNGU 60ML",4,10,6,6,3,24,UPDATE_STOK+FIX_CHAIN
307,"GELIGA BALSEM 40g",5,11,6,6,3,16,UPDATE_STOK+FIX_CHAIN
545,"MYLANTA LIQ 50mL",4,10,6,6,3,38,UPDATE_STOK+FIX_CHAIN
605,"OMEDOM SYR",3,9,6,6,3,23,UPDATE_STOK+FIX_CHAIN
681,"PRORIS SUPP",6,12,6,6,3,9,UPDATE_STOK+FIX_CHAIN
744,"SILADEX ALL VAR 100ml",5,11,6,6,3,14,UPDATE_STOK+FIX_CHAIN
965,"VITAMIN D3+K2 IPI",5,11,6,6,3,10,UPDATE_STOK+FIX_CHAIN
44,"ANAKONIDIN OBH 60mL",4,10,6,6,2,30,UPDATE_STOK+FIX_CHAIN
64,"ASEPSO ALL VAR",13,19,6,6,2,45,UPDATE_STOK+FIX_CHAIN
96,BETAMETASON,4,10,6,6,2,33,UPDATE_STOK+FIX_CHAIN
119,BRONCITIN,6,12,6,6,2,35,UPDATE_STOK+FIX_CHAIN
164,CINOLON-N,5,11,6,6,2,19,UPDATE_STOK+FIX_CHAIN
172,"COMBANTRIN SYR",1,7,6,6,2,36,UPDATE_STOK+FIX_CHAIN
173,"COMBANTRIN TAB",2,8,6,6,2,60,UPDATE_STOK+FIX_CHAIN
282,"FLAGYSTATIN SUPP",4,10,6,6,2,8,UPDATE_STOK+FIX_CHAIN
301,"GANDAPURA 60mL",3,9,6,6,2,16,UPDATE_STOK+FIX_CHAIN
313,"GENOINT TM",4,10,6,6,2,30,UPDATE_STOK+FIX_CHAIN
350,"HEROCYN 50mg",6,12,6,6,2,26,UPDATE_STOK+FIX_CHAIN
355,"HOT IN 120GR ALL VAR",12,18,6,6,2,66,UPDATE_STOK+FIX_CHAIN
456,LOMATUL,4,10,6,6,2,25,UPDATE_STOK+FIX_CHAIN
474,"M.TAWON DD",3,9,6,6,2,48,UPDATE_STOK+FIX_CHAIN
499,"ALKOHOL SWAB",5,11,6,6,2,11,UPDATE_STOK+FIX_CHAIN
517,MICROLAX,8,14,6,6,2,67,UPDATE_STOK+FIX_CHAIN
600,"OBH COMBI PLUS 100ml",3,9,6,6,2,83,UPDATE_STOK+FIX_CHAIN
666,POSTINOR,7,13,6,6,2,72,UPDATE_STOK+FIX_CHAIN
680,"PRORIS FORTE SYR",5,11,6,6,2,26,UPDATE_STOK+FIX_CHAIN
712,"SALICYL PINK",4,10,6,6,2,16,UPDATE_STOK+FIX_CHAIN
745,"SILADEX ALL VAR 30ml",5,11,6,6,2,57,UPDATE_STOK+FIX_CHAIN
855,"VITAMIN A IPI",5,11,6,6,2,11,UPDATE_STOK+FIX_CHAIN
906,"PIKANG SUANG",8,14,6,6,2,45,UPDATE_STOK+FIX_CHAIN
938,"NOVAGESIC SYR",6,12,6,6,2,4,UPDATE_STOK+FIX_CHAIN
674,"PROMAG SCH",14,19,5,5,10,19,UPDATE_STOK+FIX_CHAIN
191,"CURCUMA PLUS SHARPY ALL VAR",5,10,5,5,3,37,UPDATE_STOK+FIX_CHAIN
252,"ERLANEO HYDROCORT",5,10,5,5,3,11,UPDATE_STOK+FIX_CHAIN
300,"GANDAPURA 30mL",4,9,5,5,3,22,UPDATE_STOK+FIX_CHAIN
344,"HEMAVITON ACTION",5,10,5,5,3,36,UPDATE_STOK+FIX_CHAIN
351,"HEROCYN 75mg",4,9,5,5,3,18,UPDATE_STOK+FIX_CHAIN
701,ROOHTO,5,10,5,5,3,10,UPDATE_STOK+FIX_CHAIN
20,"ALLETROL TM",3,8,5,5,2,31,UPDATE_STOK+FIX_CHAIN
72,"BALPIRIK MERAH",4,9,5,5,2,19,UPDATE_STOK+FIX_CHAIN
73,"BALSEM LANG 10g",5,10,5,5,2,9,UPDATE_STOK+FIX_CHAIN
131,"CALADINE LOT 90mL",5,10,5,5,2,16,UPDATE_STOK+FIX_CHAIN
157,"CENDO XITROL",4,9,5,5,2,31,UPDATE_STOK+FIX_CHAIN
185,"COUNTERPAIN 5g",9,14,5,5,2,51,UPDATE_STOK+FIX_CHAIN
228,"DULCOLAX S'10",3,8,5,5,2,28,UPDATE_STOK+FIX_CHAIN
273,"FATIGON PUTIH",3,8,5,5,2,20,UPDATE_STOK+FIX_CHAIN
294,"FORMYCO CR",5,10,5,5,2,8,UPDATE_STOK+FIX_CHAIN
302,"GASTRUCID SYR",4,9,5,5,2,8,UPDATE_STOK+FIX_CHAIN
305,"GELIGA BALSEM 10g",5,10,5,5,2,10,UPDATE_STOK+FIX_CHAIN
382,"ITRAMOL SYR",5,10,5,5,2,5,UPDATE_STOK+FIX_CHAIN
396,KAPSIDA,3,8,5,5,2,28,UPDATE_STOK+FIX_CHAIN
405,"MEDICREPE 4''",5,10,5,5,2,9,UPDATE_STOK+FIX_CHAIN
462,"M.KAPAK 14mL",3,8,5,5,2,18,UPDATE_STOK+FIX_CHAIN
494,"MADU TJ JOYBEE ALL VAR",9,14,5,5,2,25,UPDATE_STOK+FIX_CHAIN
496,"MADU TJ ORI 150ML",3,8,5,5,2,29,UPDATE_STOK+FIX_CHAIN
533,"MKP LANG 15mL",13,18,5,5,2,43,UPDATE_STOK+FIX_CHAIN
571,NISAGON,4,9,5,5,2,22,UPDATE_STOK+FIX_CHAIN
592,NUFACORT,5,10,5,5,2,2,UPDATE_STOK+FIX_CHAIN
696,RENOVIT,5,10,5,5,2,9,UPDATE_STOK+FIX_CHAIN
697,"RENOVIT GOLD",5,10,5,5,2,4,UPDATE_STOK+FIX_CHAIN
699,"RIVANOL 100mL",28,33,5,5,2,35,UPDATE_STOK+FIX_CHAIN
702,"ROOHTO COOL",2,7,5,5,2,43,UPDATE_STOK+FIX_CHAIN
743,"SIDOMUNCUL C 1000 ALL VAR",5,10,5,5,2,20,UPDATE_STOK+FIX_CHAIN
762,"SITRONELLA 60ml",5,10,5,5,2,13,UPDATE_STOK+FIX_CHAIN
783,"SUTRA OK S'12",5,10,5,5,2,25,UPDATE_STOK+FIX_CHAIN
801,"CURCUMA GROW ALL",5,10,5,5,2,7,UPDATE_STOK+FIX_CHAIN
850,VIOSTIN,5,10,5,5,2,5,UPDATE_STOK+FIX_CHAIN
871,"WOOD'S PERMEN ALL",2,7,5,5,2,39,UPDATE_STOK+FIX_CHAIN
881,"VICKS F 44 54ML",6,11,5,5,2,49,UPDATE_STOK+FIX_CHAIN
888,"SUTRA BIRU S'3",5,10,5,5,2,19,UPDATE_STOK+FIX_CHAIN
895,"HUFAGRIP BIRU",5,10,5,5,2,21,UPDATE_STOK+FIX_CHAIN
942,"LARUTAN KALENG",5,10,5,5,2,3,UPDATE_STOK+FIX_CHAIN
963,"DERMAFIX 10X25",4,9,5,5,2,17,UPDATE_STOK+FIX_CHAIN
538,MOLAGIT,0,5,5,5,0,16,UPDATE_STOK
7,"SUTRA BIRU S'12",4,8,4,4,3,10,UPDATE_STOK+FIX_CHAIN
12,AITO,4,8,4,4,3,21,UPDATE_STOK+FIX_CHAIN
132,"CALADINE POW 100mg",4,8,4,4,3,8,UPDATE_STOK+FIX_CHAIN
283,"ACTIFED 25ML ALL",4,8,4,4,3,7,UPDATE_STOK+FIX_CHAIN
440,LELAP,2,6,4,4,3,12,UPDATE_STOK+FIX_CHAIN
470,"M. TELON GAJAH 60ml",4,8,4,4,3,10,UPDATE_STOK+FIX_CHAIN
483,"M.TELON LANG 30mL",4,8,4,4,3,10,UPDATE_STOK+FIX_CHAIN
484,"M.TELON LANG 60mL",4,8,4,4,3,12,UPDATE_STOK+FIX_CHAIN
491,"MAAGEL SYR",4,8,4,4,3,17,UPDATE_STOK+FIX_CHAIN
642,"PARCOK K",4,8,4,4,3,15,UPDATE_STOK+FIX_CHAIN
842,"VICKS F 44 27ml",7,11,4,4,3,67,UPDATE_STOK+FIX_CHAIN
897,"VICKS F 44 ANAK 54ML",4,8,4,4,3,16,UPDATE_STOK+FIX_CHAIN
908,"MYLANTA TAB",12,16,4,4,3,47,UPDATE_STOK+FIX_CHAIN
41,"ANAKONIDIN 30mL",3,7,4,4,2,31,UPDATE_STOK+FIX_CHAIN
88,"BETADIN SABUN CAIR",4,8,4,4,2,8,UPDATE_STOK+FIX_CHAIN
89,"BETADINE KUMUR B",4,8,4,4,2,15,UPDATE_STOK+FIX_CHAIN
93,"BETADINE SOL 30mL",4,8,4,4,2,7,UPDATE_STOK+FIX_CHAIN
111,CONTREXYN,22,26,4,4,2,32,UPDATE_STOK+FIX_CHAIN
112,"BODREX MIGRA",26,30,4,4,2,48,UPDATE_STOK+FIX_CHAIN
130,"CALADINE LOT 60mL",7,11,4,4,2,53,UPDATE_STOK+FIX_CHAIN
138,CANESTEN,4,8,4,4,2,13,UPDATE_STOK+FIX_CHAIN
149,"CDR FORTOS",4,8,4,4,2,16,UPDATE_STOK+FIX_CHAIN
159,"CEREBROFOT GOLD ALL VAR",4,8,4,4,2,31,UPDATE_STOK+FIX_CHAIN
222,"DIONICOL SYR",4,8,4,4,2,8,UPDATE_STOK+FIX_CHAIN
265,"EVER E S'12",4,8,4,4,2,3,UPDATE_STOK+FIX_CHAIN
266,"EVER E S'6",2,6,4,4,2,11,UPDATE_STOK+FIX_CHAIN
281,"FITKOM ALL VAR",2,6,4,4,2,13,UPDATE_STOK+FIX_CHAIN
358,"HUFAGRIP KUNING",11,15,4,4,2,101,UPDATE_STOK+FIX_CHAIN
378,"INSTO DRY EYES",4,8,4,4,2,9,UPDATE_STOK+FIX_CHAIN
414,COROSOB,3,7,4,4,2,7,UPDATE_STOK+FIX_CHAIN
482,"M.TELON LANG 15mL",4,8,4,4,2,6,UPDATE_STOK+FIX_CHAIN
526,"MKP GAJAH 30mL",4,8,4,4,2,16,UPDATE_STOK+FIX_CHAIN
550,"NATUR-E S'16",3,7,4,4,2,14,UPDATE_STOK+FIX_CHAIN
579,"CESSA KIDS",4,8,4,4,2,3,UPDATE_STOK+FIX_CHAIN
601,"OBH COMBI PLUS 60ml",9,13,4,4,2,65,UPDATE_STOK+FIX_CHAIN
617,"OMEROXOL SYR",4,8,4,4,2,10,UPDATE_STOK+FIX_CHAIN
641,"PARCOK B",4,8,4,4,2,15,UPDATE_STOK+FIX_CHAIN
704,SAGESTAM,1,5,4,4,2,46,UPDATE_STOK+FIX_CHAIN
709,"SALEP KEMBANG BULAN",4,8,4,4,2,3,UPDATE_STOK+FIX_CHAIN
711,"SALICYL MENTOL",12,16,4,4,2,39,UPDATE_STOK+FIX_CHAIN
739,"SELSUN YELLOW B",4,8,4,4,2,8,UPDATE_STOK+FIX_CHAIN
748,PROSTAKUR,4,8,4,4,2,3,UPDATE_STOK+FIX_CHAIN
765,"SOLINFEC CR",7,11,4,4,2,17,UPDATE_STOK+FIX_CHAIN
775,"SUCRALFAT SYR",9,13,4,4,2,53,UPDATE_STOK+FIX_CHAIN
819,"TRIOCID SYR",3,7,4,4,2,14,UPDATE_STOK+FIX_CHAIN
826,ULTRASILIN,4,8,4,4,2,4,UPDATE_STOK+FIX_CHAIN
843,"VICKS VAP 10g",13,17,4,4,2,62,UPDATE_STOK+FIX_CHAIN
844,"VICKS VAP 25g",3,7,4,4,2,11,UPDATE_STOK+FIX_CHAIN
857,"VITAMIN B1 IPI",4,8,4,4,2,6,UPDATE_STOK+FIX_CHAIN
898,"CENDO LYTERS",3,7,4,4,2,31,UPDATE_STOK+FIX_CHAIN
915,"LARUTAN BOTOL B",1,5,4,4,2,19,UPDATE_STOK+FIX_CHAIN
939,"MOMILEN DIAPER RUSH",3,7,4,4,2,6,UPDATE_STOK+FIX_CHAIN
943,"LARUTAN BOTOL K",2,6,4,4,2,7,UPDATE_STOK+FIX_CHAIN
953,"VICKS IN HALER",3,7,4,4,2,60,UPDATE_STOK+FIX_CHAIN
995,"KASSA KOTAK OM",4,8,4,4,2,16,UPDATE_STOK+FIX_CHAIN
276,FEMINAX,0,4,4,4,0,39,UPDATE_STOK
683,"PRORIS TAB",-2,1,3,3,4,9,UPDATE_STOK+FIX_CHAIN
83,BENOSON,3,6,3,3,3,14,UPDATE_STOK+FIX_CHAIN
105,"BISOLVON KIDS",3,6,3,3,3,8,UPDATE_STOK+FIX_CHAIN
156,"CENDO CATARLENT 5ml",3,6,3,3,3,8,UPDATE_STOK+FIX_CHAIN
179,COPAL,1,4,3,3,3,13,UPDATE_STOK+FIX_CHAIN
197,DARYANTULLE,3,6,3,3,3,14,UPDATE_STOK+FIX_CHAIN
242,"ENERVON C BTL",3,6,3,3,3,18,UPDATE_STOK+FIX_CHAIN
446,"LION HEAD B",3,6,3,3,3,7,UPDATE_STOK+FIX_CHAIN
480,"M.TELON KONICARE PLUS 60ml",3,6,3,3,3,4,UPDATE_STOK+FIX_CHAIN
493,"MADU TJ ORI 500ML",3,6,3,3,3,12,UPDATE_STOK+FIX_CHAIN
652,DISFLATYL,1,4,3,3,3,25,UPDATE_STOK+FIX_CHAIN
693,REDOXON,3,6,3,3,3,12,UPDATE_STOK+FIX_CHAIN
793,"TENSOCRAPE 4''",3,6,3,3,3,7,UPDATE_STOK+FIX_CHAIN
799,"TERMOREX PLUS 30mL",3,6,3,3,3,14,UPDATE_STOK+FIX_CHAIN
845,"VICKS VAP 50g",3,6,3,3,3,6,UPDATE_STOK+FIX_CHAIN
854,"VITAL TT",2,5,3,3,3,13,UPDATE_STOK+FIX_CHAIN
902,"POLIDENT K",2,5,3,3,3,15,UPDATE_STOK+FIX_CHAIN
925,"GENCEF SYR",3,6,3,3,3,3,UPDATE_STOK+FIX_CHAIN
957,"MKP LANG 210ML",3,6,3,3,3,7,UPDATE_STOK+FIX_CHAIN
6,ACNOL,3,6,3,3,2,12,UPDATE_STOK+FIX_CHAIN
19,"IMBOST S'4",5,8,3,3,2,24,UPDATE_STOK+FIX_CHAIN
35,"CESSA BABY",1,4,3,3,2,9,UPDATE_STOK+FIX_CHAIN
43,"ANAKONIDIN OBH 30mL",2,5,3,3,2,35,UPDATE_STOK+FIX_CHAIN
74,"BALSEM LANG 20g",3,6,3,3,2,21,UPDATE_STOK+FIX_CHAIN
75,"BALSEM LANG 40g",3,6,3,3,2,8,UPDATE_STOK+FIX_CHAIN
82,"GELIGA CAIR 60ML",3,6,3,3,2,3,UPDATE_STOK+FIX_CHAIN
85,"BENOSON-N 5g",3,6,3,3,2,25,UPDATE_STOK+FIX_CHAIN
87,"BETADIN FEM",3,6,3,3,2,10,UPDATE_STOK+FIX_CHAIN
92,"BETADINE SOL 15mL",3,6,3,3,2,21,UPDATE_STOK+FIX_CHAIN
103,BIOPLACENTON,2,5,3,3,2,68,UPDATE_STOK+FIX_CHAIN
122,"BUFACOMB IOB",3,6,3,3,2,28,UPDATE_STOK+FIX_CHAIN
133,"CALADINE POW 60mg",5,8,3,3,2,15,UPDATE_STOK+FIX_CHAIN
151,"CDR S'15",3,6,3,3,2,15,UPDATE_STOK+FIX_CHAIN
155,"CENDO CATARLENT 15ml",2,5,3,3,2,29,UPDATE_STOK+FIX_CHAIN
171,"COLVIN SYR",3,6,3,3,2,7,UPDATE_STOK+FIX_CHAIN
177,"COOLING 5 PLUS",3,6,3,3,2,23,UPDATE_STOK+FIX_CHAIN
190,"CURCUMA PLUS IMUNS",3,6,3,3,2,8,UPDATE_STOK+FIX_CHAIN
194,CYCLOGYNON,2,5,3,3,2,13,UPDATE_STOK+FIX_CHAIN
279,"FIESTA ALL",2,5,3,3,2,18,UPDATE_STOK+FIX_CHAIN
287,"FLUCADEX SYR",3,6,3,3,2,15,UPDATE_STOK+FIX_CHAIN
292,"FLUTOP C",3,6,3,3,2,7,UPDATE_STOK+FIX_CHAIN
311,"GENOINT SK",2,5,3,3,2,15,UPDATE_STOK+FIX_CHAIN
343,"HELIXIM SYR",2,5,3,3,2,10,UPDATE_STOK+FIX_CHAIN
352,"HEROCYN BABY 100mg",3,6,3,3,2,13,UPDATE_STOK+FIX_CHAIN
392,KANDISTATIN,3,6,3,3,2,21,UPDATE_STOK+FIX_CHAIN
399,"KEJIBELING PLUS GINGSENG",10,13,3,3,2,32,UPDATE_STOK+FIX_CHAIN
433,"LASERIN SYR 110ML",3,6,3,3,2,21,UPDATE_STOK+FIX_CHAIN
447,"LION HEAD K",3,6,3,3,2,4,UPDATE_STOK+FIX_CHAIN
463,"M.KAPAK 28mL",2,5,3,3,2,11,UPDATE_STOK+FIX_CHAIN
464,"M.KAPAK 3mL",3,6,3,3,2,15,UPDATE_STOK+FIX_CHAIN
467,"M. IKAN S'100",3,6,3,3,2,5,UPDATE_STOK+FIX_CHAIN
473,"M.TAWON CC",8,11,3,3,2,114,UPDATE_STOK+FIX_CHAIN
479,"M.TELON KONICARE PLUS 30ml",3,6,3,3,2,3,UPDATE_STOK+FIX_CHAIN
492,"MADU TJ EXTRA 250",3,6,3,3,2,3,UPDATE_STOK+FIX_CHAIN
532,"MKP LANG 120mL",2,5,3,3,2,25,UPDATE_STOK+FIX_CHAIN
552,"NEBACETINE POW",3,6,3,3,2,12,UPDATE_STOK+FIX_CHAIN
553,"NELLCO SPESIAL B",3,6,3,3,2,8,UPDATE_STOK+FIX_CHAIN
554,"NELLCO SPESIAL K",3,6,3,3,2,15,UPDATE_STOK+FIX_CHAIN
573,"HUFAGRIP DEMAM SYR",3,6,3,3,2,7,UPDATE_STOK+FIX_CHAIN
591,"HUFARIZINE SYR",3,6,3,3,2,7,UPDATE_STOK+FIX_CHAIN
630,"PANADOL IJO",3,6,3,3,2,20,UPDATE_STOK+FIX_CHAIN
655,"PLANTACID SYR",3,6,3,3,2,10,UPDATE_STOK+FIX_CHAIN
659,"KANA B",3,6,3,3,2,2,UPDATE_STOK+FIX_CHAIN
660,"POLYSILANE SYR",2,5,3,3,2,16,UPDATE_STOK+FIX_CHAIN
690,"RAPET WANGI",3,6,3,3,2,9,UPDATE_STOK+FIX_CHAIN
734,"SCOTT EMULSION 200mL",3,6,3,3,2,5,UPDATE_STOK+FIX_CHAIN
753,"PACDIN COUGH ALL VAR",6,9,3,3,2,33,UPDATE_STOK+FIX_CHAIN
773,"STIMUNO SYR ALL VAR",3,6,3,3,2,13,UPDATE_STOK+FIX_CHAIN
781,"SUTRA ABU-ABU S'3",3,6,3,3,2,6,UPDATE_STOK+FIX_CHAIN
800,"TERMOREX PLUS 60mL",1,4,3,3,2,23,UPDATE_STOK+FIX_CHAIN
803,"THROMBO GEL",2,5,3,3,2,23,UPDATE_STOK+FIX_CHAIN
817,"NATUR E WHITE 16",2,5,3,3,2,15,UPDATE_STOK+FIX_CHAIN
830,"FLAMAR GEL",3,6,3,3,2,3,UPDATE_STOK+FIX_CHAIN
866,"WELMOVE CAP",1,4,3,3,2,24,UPDATE_STOK+FIX_CHAIN
887,"SANADRYL EXP 60ML",2,5,3,3,2,8,UPDATE_STOK+FIX_CHAIN
909,"POLIDENT B",3,6,3,3,2,10,UPDATE_STOK+FIX_CHAIN
926,INERSON,2,5,3,3,2,10,UPDATE_STOK+FIX_CHAIN
975,"MADU TJ EXTRA 150",3,6,3,3,2,3,UPDATE_STOK+FIX_CHAIN
997,"SUTRA 003",3,6,3,3,2,12,UPDATE_STOK+FIX_CHAIN
998,"HOT IN DCL 60GR",7,10,3,3,2,29,UPDATE_STOK+FIX_CHAIN
1004,H2O2,1,4,3,3,2,7,UPDATE_STOK+FIX_CHAIN
489,"M.TELON MY BABY  + 60ML",0,3,3,3,1,24,UPDATE_STOK+FIX_CHAIN
732,"SCABIMITE K",0,3,3,3,1,19,UPDATE_STOK+FIX_CHAIN
58,"ANTIMO ANAK ALL",0,3,3,3,0,63,UPDATE_STOK
341,"HANSAPLAST ROLL 5m",0,3,3,3,0,76,UPDATE_STOK
363,HYDROCORTISON,0,3,3,3,0,28,UPDATE_STOK
15,"ALKOHOL 70% 100mL",26,28,2,2,3,51,UPDATE_STOK+FIX_CHAIN
217,DIANE,1,3,2,2,3,21,UPDATE_STOK+FIX_CHAIN
232,"DUMIN SYR",1,3,2,2,3,8,UPDATE_STOK+FIX_CHAIN
249,"ERLAMICETIN SM",2,4,2,2,3,16,UPDATE_STOK+FIX_CHAIN
258,"ESTER C BTL",2,4,2,2,3,7,UPDATE_STOK+FIX_CHAIN
298,"FUNGIDREM K",4,6,2,2,3,27,UPDATE_STOK+FIX_CHAIN
328,"GPU CREAM 250mL",2,4,2,2,3,6,UPDATE_STOK+FIX_CHAIN
348,"SANADRYL EXP 100ML",2,4,2,2,3,6,UPDATE_STOK+FIX_CHAIN
370,"IMBOOST KIDS",2,4,2,2,3,11,UPDATE_STOK+FIX_CHAIN
395,"KAPAS GULUNG 50g",8,10,2,2,3,14,UPDATE_STOK+FIX_CHAIN
404,"KLODERMA COKLAT",1,3,2,2,3,6,UPDATE_STOK+FIX_CHAIN
417,"LACOLDIN SYR",2,4,2,2,3,5,UPDATE_STOK+FIX_CHAIN
544,"MYLANTA LIQ 150mL",2,4,2,2,3,9,UPDATE_STOK+FIX_CHAIN
556,"NEO KAOLANA SYR",2,4,2,2,3,4,UPDATE_STOK+FIX_CHAIN
654,"PLANTACID FORTE SYR",2,4,2,2,3,11,UPDATE_STOK+FIX_CHAIN
698,"RHEUMASON NELLCO",5,7,2,2,3,21,UPDATE_STOK+FIX_CHAIN
703,"SAFE CARE",1,3,2,2,3,10,UPDATE_STOK+FIX_CHAIN
726,"SANMAG SYR",2,4,2,2,3,25,UPDATE_STOK+FIX_CHAIN
788,"TEMPRA DROP",1,3,2,2,3,13,UPDATE_STOK+FIX_CHAIN
789,"TEMPRA FORTE SYR",1,3,2,2,3,6,UPDATE_STOK+FIX_CHAIN
790,"TEMPRA SYR B",2,4,2,2,3,6,UPDATE_STOK+FIX_CHAIN
882,"ZENIREX SYR",6,8,2,2,3,14,UPDATE_STOK+FIX_CHAIN
987,"BENOSON 15gr",2,4,2,2,3,7,UPDATE_STOK+FIX_CHAIN
28,XYLERGY,11,13,2,2,2,15,UPDATE_STOK+FIX_CHAIN
61,"APIALYS DROP",1,3,2,2,2,13,UPDATE_STOK+FIX_CHAIN
90,"BETADINE KUMUR K",4,6,2,2,2,22,UPDATE_STOK+FIX_CHAIN
95,"BETADINE SOL 60mL",2,4,2,2,2,3,UPDATE_STOK+FIX_CHAIN
98,BEVALEX,4,6,2,2,2,17,UPDATE_STOK+FIX_CHAIN
106,"BISOLVON EXTRA SYR",2,4,2,2,2,10,UPDATE_STOK+FIX_CHAIN
124,"BUFANTASID SYR",2,4,2,2,2,6,UPDATE_STOK+FIX_CHAIN
148,CAZETIN,1,3,2,2,2,13,UPDATE_STOK+FIX_CHAIN
170,"COLDREXIN SYR",2,4,2,2,2,6,UPDATE_STOK+FIX_CHAIN
175,"INSTO COOL",4,6,2,2,2,75,UPDATE_STOK+FIX_CHAIN
184,"COUNTERPAIN 30g",2,4,2,2,2,13,UPDATE_STOK+FIX_CHAIN
193,"CURVIT CL",2,4,2,2,2,9,UPDATE_STOK+FIX_CHAIN
198,"DECADRYL 120mg",1,3,2,2,2,8,UPDATE_STOK+FIX_CHAIN
199,"DECADRYL 60mg",2,4,2,2,2,32,UPDATE_STOK+FIX_CHAIN
202,"DEGIROL S'10",7,9,2,2,2,59,UPDATE_STOK+FIX_CHAIN
205,"DENOMIX KRIM 10g",2,4,2,2,2,17,UPDATE_STOK+FIX_CHAIN
207,"DETTOL LIQ 45ml",5,7,2,2,2,18,UPDATE_STOK+FIX_CHAIN
208,"DETTOL LIQ 95ml",4,6,2,2,2,14,UPDATE_STOK+FIX_CHAIN
230,"DULCOLAX SUPP",2,4,2,2,2,5,UPDATE_STOK+FIX_CHAIN
267,EYEVIT,6,8,2,2,2,20,UPDATE_STOK+FIX_CHAIN
308,"GELIGA CAIR 30ML",2,4,2,2,2,14,UPDATE_STOK+FIX_CHAIN
312,"GENOINT SM",7,9,2,2,2,44,UPDATE_STOK+FIX_CHAIN
315,"MEDICREPE 3''",2,4,2,2,2,6,UPDATE_STOK+FIX_CHAIN
327,"GPU CREAM 150mL",2,4,2,2,2,8,UPDATE_STOK+FIX_CHAIN
346,"MUCOS SYR",2,4,2,2,2,18,UPDATE_STOK+FIX_CHAIN
353,"HEROCYN BABY 200mg",2,4,2,2,2,3,UPDATE_STOK+FIX_CHAIN
356,"HOT IN 60GR ALL VAR",9,11,2,2,2,101,UPDATE_STOK+FIX_CHAIN
369,"IMBOOST FORCE",2,4,2,2,2,6,UPDATE_STOK+FIX_CHAIN
384,"JF SULFUR ORANGE",2,4,2,2,2,9,UPDATE_STOK+FIX_CHAIN
416,KULDON,19,21,2,2,2,41,UPDATE_STOK+FIX_CHAIN
420,"LACTACYD FEMINIM",2,4,2,2,2,4,UPDATE_STOK+FIX_CHAIN
431,"LASERIN MADU 30ML",2,4,2,2,2,6,UPDATE_STOK+FIX_CHAIN
432,"LASERIN MADU 60ML",2,4,2,2,2,9,UPDATE_STOK+FIX_CHAIN
465,"M.KAPAK 54mL",2,4,2,2,2,5,UPDATE_STOK+FIX_CHAIN
477,"M.TELON KONICARE 30ml",2,4,2,2,2,3,UPDATE_STOK+FIX_CHAIN
478,"M.TELON KONICARE 60ml",2,4,2,2,2,3,UPDATE_STOK+FIX_CHAIN
481,"M.TELON LANG 100mL",2,4,2,2,2,3,UPDATE_STOK+FIX_CHAIN
505,"VITAQUIN 2%",2,4,2,2,2,3,UPDATE_STOK+FIX_CHAIN
527,"MKP GAJAH 60mL",2,4,2,2,2,14,UPDATE_STOK+FIX_CHAIN
531,"MKP KONICARE PLUS 60ml",2,4,2,2,2,3,UPDATE_STOK+FIX_CHAIN
549,"NATUR-E 300IU",2,4,2,2,2,5,UPDATE_STOK+FIX_CHAIN
551,"NATUR-E S'32",2,4,2,2,2,6,UPDATE_STOK+FIX_CHAIN
574,NORIT,2,4,2,2,2,10,UPDATE_STOK+FIX_CHAIN
595,"OB HERBAL 100mL",2,4,2,2,2,9,UPDATE_STOK+FIX_CHAIN
597,"OB HERBAL JUNIOR",6,8,2,2,2,19,UPDATE_STOK+FIX_CHAIN
647,OSTEFORTE,2,4,2,2,2,5,UPDATE_STOK+FIX_CHAIN
648,"PIL TUNTAS",2,4,2,2,2,6,UPDATE_STOK+FIX_CHAIN
714,"SALONPAS GEL 30mg",1,3,2,2,2,4,UPDATE_STOK+FIX_CHAIN
724,"SANGOBION S'4",12,14,2,2,2,128,UPDATE_STOK+FIX_CHAIN
727,"SANMOL DROP",5,7,2,2,2,40,UPDATE_STOK+FIX_CHAIN
738,"SELSUN BLUE",2,4,2,2,2,14,UPDATE_STOK+FIX_CHAIN
740,"SELSUN YELLOW K",2,4,2,2,2,6,UPDATE_STOK+FIX_CHAIN
752,"HUFABETAMIN SYR",1,3,2,2,2,9,UPDATE_STOK+FIX_CHAIN
791,"TEMPRA SYR K",4,6,2,2,2,29,UPDATE_STOK+FIX_CHAIN
804,"THROMBOPOB GEL",3,5,2,2,2,12,UPDATE_STOK+FIX_CHAIN
810,"TOLAKANGIN CARE ROLL ON",2,4,2,2,2,3,UPDATE_STOK+FIX_CHAIN
827,"LACTULOSE SYR",1,3,2,2,2,9,UPDATE_STOK+FIX_CHAIN
837,"VERBAN 15cm",1,3,2,2,2,14,UPDATE_STOK+FIX_CHAIN
851,"VIRUGON CREAM",2,4,2,2,2,3,UPDATE_STOK+FIX_CHAIN
904,SENSITIF,2,4,2,2,2,11,UPDATE_STOK+FIX_CHAIN
916,"MY WELL D3",2,4,2,2,2,10,UPDATE_STOK+FIX_CHAIN
924,"IMBOST S'10",2,4,2,2,2,8,UPDATE_STOK+FIX_CHAIN
933,"ENBATIC CREAM",1,3,2,2,2,4,UPDATE_STOK+FIX_CHAIN
966,"INSTO 15ml",1,3,2,2,2,11,UPDATE_STOK+FIX_CHAIN
972,"PIMTRAKOL KID",2,4,2,2,2,12,UPDATE_STOK+FIX_CHAIN
983,"M.TELON MYBABY +150ML",2,4,2,2,2,4,UPDATE_STOK+FIX_CHAIN
992,"VITALONG C s""30",2,4,2,2,2,5,UPDATE_STOK+FIX_CHAIN
999,"HOT IN DCL 120 GR",6,8,2,2,2,22,UPDATE_STOK+FIX_CHAIN
212,"NATUR E ADVANCE",0,2,2,2,0,5,UPDATE_STOK
468,"M. IKAN S'50",0,2,2,2,0,6,UPDATE_STOK
782,"SUTRA OK 3'S",0,2,2,2,0,47,UPDATE_STOK
813,"TOP CORT",0,2,2,2,0,6,UPDATE_STOK
84,"BENOSON-N 15g",1,2,1,1,3,9,UPDATE_STOK+FIX_CHAIN
91,"BETADINE OINT",1,2,1,1,3,6,UPDATE_STOK+FIX_CHAIN
123,BUFACORT-N,7,8,1,1,3,13,UPDATE_STOK+FIX_CHAIN
257,ESPERSON,1,2,1,1,3,8,UPDATE_STOK+FIX_CHAIN
262,"ELKANA SYR",2,3,1,1,3,12,UPDATE_STOK+FIX_CHAIN
349,"HEROCYN 150mg",1,2,1,1,3,16,UPDATE_STOK+FIX_CHAIN
422,"APIALYS SYR",1,2,1,1,3,5,UPDATE_STOK+FIX_CHAIN
469,"M. TELON GAJAH 30ml",1,2,1,1,3,13,UPDATE_STOK+FIX_CHAIN
476,"M.TAWON FF",1,2,1,1,3,10,UPDATE_STOK+FIX_CHAIN
670,"PRIMADEX SYR",1,2,1,1,3,5,UPDATE_STOK+FIX_CHAIN
835,"VENTOLIN SPRAY",1,2,1,1,3,6,UPDATE_STOK+FIX_CHAIN
877,"YUSIMOX FORTE SYR",1,2,1,1,3,5,UPDATE_STOK+FIX_CHAIN
944,"NEBACETIN OINT",1,2,1,1,3,8,UPDATE_STOK+FIX_CHAIN
959,"VITAQUIN CR",1,2,1,1,3,5,UPDATE_STOK+FIX_CHAIN
961,"BORRAGINOL S SLP",1,2,1,1,3,4,UPDATE_STOK+FIX_CHAIN
990,"BURNAZIN SLP",1,2,1,1,3,5,UPDATE_STOK+FIX_CHAIN
4,"ACIFAR CREAM",6,7,1,1,2,13,UPDATE_STOK+FIX_CHAIN
31,"AMBROXOL SYR",1,2,1,1,2,4,UPDATE_STOK+FIX_CHAIN
42,"ANAKONIDIN 60mL",2,3,1,1,2,31,UPDATE_STOK+FIX_CHAIN
135,CALLUSOL,2,3,1,1,2,24,UPDATE_STOK+FIX_CHAIN
146,"CAVIPLEX SYR",1,2,1,1,2,5,UPDATE_STOK+FIX_CHAIN
186,"COUNTERPAIN 60g",2,3,1,1,2,8,UPDATE_STOK+FIX_CHAIN
195,DAKTARIN,4,5,1,1,2,24,UPDATE_STOK+FIX_CHAIN
237,"EM KAPSUL",1,2,1,1,2,21,UPDATE_STOK+FIX_CHAIN
297,"FUNGIDREM B",1,2,1,1,2,8,UPDATE_STOK+FIX_CHAIN
383,"JF SULFUR KUNING",1,2,1,1,2,23,UPDATE_STOK+FIX_CHAIN
386,"KAKAK TUA",3,4,1,1,2,8,UPDATE_STOK+FIX_CHAIN
393,"KAOTIN SYR",7,8,1,1,2,12,UPDATE_STOK+FIX_CHAIN
410,"KONIDIN OBH",28,29,1,1,2,11,UPDATE_STOK+FIX_CHAIN
419,"LACTACYD BABY",2,3,1,1,2,21,UPDATE_STOK+FIX_CHAIN
475,"M.TAWON EE",1,2,1,1,2,13,UPDATE_STOK+FIX_CHAIN
485,"M.TELON LANG PLUS 100mL",1,2,1,1,2,3,UPDATE_STOK+FIX_CHAIN
495,"MADU TJ KURMA",1,2,1,1,2,3,UPDATE_STOK+FIX_CHAIN
502,MEDIKLIN,1,2,1,1,2,3,UPDATE_STOK+FIX_CHAIN
518,"BABY OIL",1,2,1,1,2,4,UPDATE_STOK+FIX_CHAIN
525,"MKP GAJAH 120ML",1,2,1,1,2,4,UPDATE_STOK+FIX_CHAIN
530,"MKP KONICARE PLUS 30ml",1,2,1,1,2,3,UPDATE_STOK+FIX_CHAIN
542,"MYCORAL CREAM",4,5,1,1,2,21,UPDATE_STOK+FIX_CHAIN
576,NOSIB,1,2,1,1,2,4,UPDATE_STOK+FIX_CHAIN
603,OBIDA,1,2,1,1,2,10,UPDATE_STOK+FIX_CHAIN
646,PHARMATON,9,10,1,1,2,8,UPDATE_STOK+FIX_CHAIN
687,"SUTRA ABU2 S'12",1,2,1,1,2,3,UPDATE_STOK+FIX_CHAIN
730,"SARI KURMA TJ",1,2,1,1,2,5,UPDATE_STOK+FIX_CHAIN
735,"MEDICREPE 6''",1,2,1,1,2,3,UPDATE_STOK+FIX_CHAIN
784,"SUTRA MERAH S'12",10,11,1,1,2,42,UPDATE_STOK+FIX_CHAIN
792,"TENSOCRAPE 3''",1,2,1,1,2,3,UPDATE_STOK+FIX_CHAIN
794,"TENSOCRAPE 6''",1,2,1,1,2,3,UPDATE_STOK+FIX_CHAIN
806,"LEUKOPLST 7,5",1,2,1,1,2,3,UPDATE_STOK+FIX_CHAIN
824,"ULTILOX SYR",1,2,1,1,2,3,UPDATE_STOK+FIX_CHAIN
838,"VERBAN 5cm",1,2,1,1,2,20,UPDATE_STOK+FIX_CHAIN
840,"VERIL ACNE GEL",1,2,1,1,2,7,UPDATE_STOK+FIX_CHAIN
848,"TRIAMINIC F&B",1,2,1,1,2,3,UPDATE_STOK+FIX_CHAIN
874,"KAPAS GULUNG 250GR",1,2,1,1,2,3,UPDATE_STOK+FIX_CHAIN
920,"SANMOL FORTE SYR",1,2,1,1,2,5,UPDATE_STOK+FIX_CHAIN
928,"SANBE TEARS",1,2,1,1,2,13,UPDATE_STOK+FIX_CHAIN
930,"SANTADEX TT",6,7,1,1,2,13,UPDATE_STOK+FIX_CHAIN
945,"STIMUNO CAPSUL",3,4,1,1,2,9,UPDATE_STOK+FIX_CHAIN
947,"BIOLYSIN SMART 60ML",1,2,1,1,2,3,UPDATE_STOK+FIX_CHAIN
950,"LAPISIV-T SYR",1,2,1,1,2,6,UPDATE_STOK+FIX_CHAIN
960,"BORRAGINOL N SLP",1,2,1,1,2,3,UPDATE_STOK+FIX_CHAIN
967,"SUTRA MERAH  S'24",1,2,1,1,2,3,UPDATE_STOK+FIX_CHAIN
989,MEBO,1,2,1,1,2,6,UPDATE_STOK+FIX_CHAIN
1000,"HYPAFIX 5M",1,2,1,1,2,3,UPDATE_STOK+FIX_CHAIN
1002,"TRANSPLUMIN KIDS",1,2,1,1,2,4,UPDATE_STOK+FIX_CHAIN
40,ANACETIN,0,1,1,1,1,16,UPDATE_STOK+FIX_CHAIN
79,"BATUGIN K",0,1,1,1,1,8,UPDATE_STOK+FIX_CHAIN
180,"COPARCETIN SYR",0,1,1,1,1,15,UPDATE_STOK+FIX_CHAIN
251,"ERLAMYCETIN PLUS TM",0,1,1,1,1,10,UPDATE_STOK+FIX_CHAIN
271,"FARSIFEN SYR",0,1,1,1,1,19,UPDATE_STOK+FIX_CHAIN
427,"LANCAR ASI",0,1,1,1,0,10,UPDATE_STOK
569,"LEUKOPLAST 2,5",0,1,1,1,0,8,UPDATE_STOK
604,"OBP ITRASAL",0,1,1,1,0,5,UPDATE_STOK
675,"PROMAG SYR 60ml",0,1,1,1,0,5,UPDATE_STOK
1008,"TEST STOK UPDATE ROBUST",0,0,0,0,36,22,FIX_CHAIN_ONLY
357,"HUFAGRIP BP IJO",9,9,0,0,14,80,FIX_CHAIN_ONLY
859,"VITAMIN C IPI",7,7,0,0,8,56,FIX_CHAIN_ONLY
490,"M.TELON MY BABY + 90ML",3,3,0,0,2,15,FIX_CHAIN_ONLY
